Column1,Column2,Column3,Column4,Column5,Column6,Column7
1,M1,JOS BUTTLER,ENGLAND,RR,CAPPED,2.00
1,M1,SHREYAS IYER,INDIA,KKR,CAPPED,2.00
1,M1,RISHABH PANT,INDIA,DC,CAPPED,2.00
1,M1,KAGISO RABADA,SOUTH AFRICA,PBKS,CAPPED,2.00
1,M1,ARSHDEEP SINGH,INDIA,PBKS,CAPPED,2.00
1,M1,MITCHELL STARC,AUSTRALIA,KKR,CAPPED,2.00
2,M2,YUZVENDRA CHAHAL,INDIA,RR,CAPPED,2.00
2,M2,LIAM LIVINGSTONE,ENGLAND,PBKS,CAPPED,2.00
2,M2,DAVID MILLER,SOUTH AFRICA,GT,CAPPED,1.50
2,M2,KL RAHUL,INDIA,LSG,CAPPED,2.00
2,M2,MOHAMMED SHAMI,INDIA,GT,CAPPED,2.00
2,M2,MOHAMMED SIRAJ,INDIA,RCB,CAPPED,2.00
3,BA1,HARRY BROOK,ENGLAND,DC,CAPPED,2.00
3,BA1,DEVON CONWAY,NEW ZEALAND,CSK,CAPPED,2.00
3,BA1,JAKE FRASER-MCGURK,AUSTRALIA,DC,CAPPED,2.00
3,BA1,AIDEN MARKRAM,SOUTH AFRICA,SRH,CAPPED,2.00
3,BA1,DEVDUTT PADIKKAL,INDIA,LSG,CAPPED,2.00
3,BA1,RAHUL TRIPATHI,INDIA,SRH,CAPPED,0.75
3,BA1,DAVID WARNER,AUSTRALIA,DC,CAPPED,2.00
4,AL1,R ASHWIN,INDIA,RR,CAPPED,2.00
4,AL1,VENKATESH IYER,INDIA,KKR,CAPPED,2.00
4,AL1,MITCHELL MARSH,AUSTRALIA,DC,CAPPED,2.00
4,AL1,GLENN MAXWELL,AUSTRALIA,RCB,CAPPED,2.00
4,AL1,HARSHAL PATEL,INDIA,PBKS,CAPPED,2.00
4,AL1,RACHIN RAVINDRA,NEW ZEALAND,CSK,CAPPED,1.50
4,AL1,MARCUS STOINIS,AUSTRALIA,LSG,CAPPED,2.00
5,WK1,JONNY BAIRSTOW,ENGLAND,PBKS,CAPPED,2.00
5,WK1,QUINTON DE KOCK,SOUTH AFRICA,LSG,CAPPED,2.00
5,WK1,RAHMANULLAH GURBAZ,AFGHANISTAN,KKR,CAPPED,2.00
5,WK1,ISHAN KISHAN,INDIA,MI,CAPPED,2.00
5,WK1,PHIL SALT,ENGLAND,KKR,CAPPED,2.00
5,WK1,JITESH SHARMA,INDIA,PBKS,CAPPED,1.00
6,FA1,KHALEEL AHMED,INDIA,DC,CAPPED,2.00
6,FA1,TRENT BOULT,NEW ZEALAND,RR,CAPPED,2.00
6,FA1,JOSH HAZLEWOOD,AUSTRALIA,-,CAPPED,2.00
6,FA1,AVESH KHAN,INDIA,RR,CAPPED,2.00
6,FA1,PRASIDH KRISHNA,INDIA,RR,CAPPED,2.00
6,FA1,T NATARAJAN,INDIA,SRH,CAPPED,2.00
6,FA1,ANRICH NORTJE,SOUTH AFRICA,DC,CAPPED,2.00
7,SP1,NOOR AHMAD,AFGHANISTAN,GT,CAPPED,2.00
7,SP1,RAHUL CHAHAR,INDIA,PBKS,CAPPED,1.00
7,SP1,WANINDU HASARANGA,SRI LANKA,SRH,CAPPED,2.00
7,SP1,WAQAR SALAMKHEIL,AFGHANISTAN,-,CAPPED,0.75
7,SP1,MAHEESH THEEKSHANA,SRI LANKA,CSK,CAPPED,2.00
7,SP1,ADAM ZAMPA,AUSTRALIA,RR,CAPPED,2.00
8,UBA1,YASH DHULL,INDIA,DC,UNCAPPED,0.30
8,UBA1,ABHINAV MANOHAR,INDIA,GT,UNCAPPED,0.30
8,UBA1,KARUN NAIR,INDIA,-,UNCAPPED,0.30
8,UBA1,ANGKRISH RAGHUVANSHI,INDIA,KKR,UNCAPPED,0.30
8,UBA1,ANMOLPREET SINGH,INDIA,SRH,UNCAPPED,0.30
8,UBA1,ATHARVA TAIDE,INDIA,PBKS,UNCAPPED,0.30
8,UBA1,NEHAL WADHERA,INDIA,MI,UNCAPPED,0.30
9,UAL1,HARPREET BRAR,INDIA,PBKS,UNCAPPED,0.30
9,UAL1,NAMAN DHIR,INDIA,MI,UNCAPPED,0.30
9,UAL1,MAHIPAL LOMROR,INDIA,RCB,UNCAPPED,0.50
9,UAL1,SAMEER RIZVI,INDIA,CSK,UNCAPPED,0.30
9,UAL1,ABDUL SAMAD,INDIA,SRH,UNCAPPED,0.30
9,UAL1,VIJAY SHANKAR,INDIA,GT,UNCAPPED,0.30
9,UAL1,ASHUTOSH SHARMA,INDIA,PBKS,UNCAPPED,0.30
9,UAL1,NISHANT SINDHU,INDIA,CSK,UNCAPPED,0.30
9,UAL1,UTKARSH SINGH,INDIA,-,UNCAPPED,0.30
10,UWK1,ARYAN JUYAL,INDIA,-,UNCAPPED,0.30
10,UWK1,KUMAR KUSHAGRA,INDIA,GT,UNCAPPED,0.30
10,UWK1,ROBIN MINZ,INDIA,GT,UNCAPPED,0.30
10,UWK1,ANUJ RAWAT,INDIA,RCB,UNCAPPED,0.30
10,UWK1,LUVNITH SISODIA,INDIA,-,UNCAPPED,0.30
10,UWK1,VISHNU VINOD,INDIA,MI,UNCAPPED,0.30
10,UWK1,UPENDRA SINGH YADAV,INDIA,SRH,UNCAPPED,0.30
11,UFA1,VAIBHAV ARORA,INDIA,KKR,UNCAPPED,0.30
11,UFA1,RASIKH DAR,INDIA,DC,UNCAPPED,0.30
11,UFA1,AKASH MADHWAL,INDIA,MI,UNCAPPED,0.30
11,UFA1,MOHIT SHARMA,INDIA,GT,UNCAPPED,0.50
11,UFA1,SIMARJEET SINGH,INDIA,CSK,UNCAPPED,0.30
11,UFA1,YASH THAKUR,INDIA,LSG,UNCAPPED,0.30
11,UFA1,KARTIK TYAGI,INDIA,GT,UNCAPPED,0.40
11,UFA1,VYSHAK VIJAYKUMAR,INDIA,RCB,UNCAPPED,0.30
12,USP1,PIYUSH CHAWLA,INDIA,MI,UNCAPPED,0.50
12,USP1,SHREYAS GOPAL,INDIA,MI,UNCAPPED,0.30
12,USP1,MAYANK MARKANDE,INDIA,SRH,UNCAPPED,0.30
12,USP1,SUYASH SHARMA,INDIA,KKR,UNCAPPED,0.30
12,USP1,KARN SHARMA,INDIA,RCB,UNCAPPED,0.50
12,USP1,KUMAR KARTIKEYA SINGH,INDIA,MI,UNCAPPED,0.30
12,USP1,MANAV SUTHAR,INDIA,GT,UNCAPPED,0.30
13,BA2,MAYANK AGARAWAL,INDIA,SRH,CAPPED,1.00
13,BA2,FAF DU PLESSIS,SOUTH AFRICA,RCB,CAPPED,2.00
13,BA2,GLENN PHILLIPS,NEW ZEALAND,SRH,CAPPED,2.00
13,BA2,ROVMAN POWELL,WEST INDIES,RR,CAPPED,1.50
13,BA2,AJINKYA RAHANE,INDIA,CSK,CAPPED,1.50
13,BA2,PRITHVI SHAW,INDIA,DC,CAPPED,0.75
13,BA2,KANE WILLIAMSON,NEW ZEALAND,GT,CAPPED,2.00
14,AL2,SAM CURRAN,ENGLAND,PBKS,CAPPED,2.00
14,AL2,MARCO JANSEN,SOUTH AFRICA,SRH,CAPPED,1.25
14,AL2,DARYL MITCHELL,NEW ZEALAND,CSK,CAPPED,2.00
14,AL2,KRUNAL PANDYA,INDIA,LSG,CAPPED,2.00
14,AL2,NITISH RANA,INDIA,KKR,CAPPED,1.50
14,AL2,WASHINGTON SUNDAR,INDIA,SRH,CAPPED,2.00
14,AL2,SHARDUL THAKUR,INDIA,CSK,CAPPED,2.00
15,WK2,K.S BHARAT,INDIA,KKR,CAPPED,0.75
15,WK2,ALEX CAREY,AUSTRALIA,-,CAPPED,1.00
15,WK2,DONOVAN FERREIRA,SOUTH AFRICA,RR,CAPPED,0.75
15,WK2,SHAI HOPE,WEST INDIES,DC,CAPPED,1.25
15,WK2,JOSH INGLIS,AUSTRALIA,-,CAPPED,2.00
15,WK2,RYAN RICKELTON,SOUTH AFRICA,-,CAPPED,1.00
16,FA2,DEEPAK CHAHAR,INDIA,CSK,CAPPED,2.00
16,FA2,GERALD COETZEE,SOUTH AFRICA,MI,CAPPED,1.25
16,FA2,AKASH DEEP,INDIA,RCB,CAPPED,1.00
16,FA2,TUSHAR DESHPANDE,INDIA,CSK,CAPPED,1.00
16,FA2,LOCKIE FERGUSON,NEW ZEALAND,RCB,CAPPED,2.00
16,FA2,BHUVNESHWAR KUMAR,INDIA,SRH,CAPPED,2.00
16,FA2,MUKESH KUMAR,INDIA,DC,CAPPED,2.00
17,SP2,ALLAH GHAZANFAR,AFGHANISTAN,KKR,CAPPED,0.75
17,SP2,AKEAL HOSEIN,WEST INDIES,-,CAPPED,1.50
17,SP2,KESHAV MAHARAJ,SOUTH AFRICA,RR,CAPPED,0.75
17,SP2,MUJEEB UR RAHMAN,AFGHANISTAN,-,CAPPED,2.00
17,SP2,ADIL RASHID,ENGLAND,-,CAPPED,2.00
17,SP2,VIJAYAKANTH VIYASKANTH,SRI LANKA,SRH,CAPPED,0.75
18,UBA2,RICKY BHUI,INDIA,DC,UNCAPPED,0.30
18,UBA2,SWASTIK CHHIKARA,INDIA,DC,UNCAPPED,0.30
18,UBA2,AARYA DESAI,INDIA,-,UNCAPPED,0.30
18,UBA2,SHUBHAM DUBEY,INDIA,RR,UNCAPPED,0.30
18,UBA2,MADHAV KAUSHIK,INDIA,-,UNCAPPED,0.30
18,UBA2,PUKHRAJ MANN,INDIA,-,UNCAPPED,0.30
18,UBA2,SHAIK RASHEED,INDIA,CSK,UNCAPPED,0.30
18,UBA2,HIMMAT SINGH,INDIA,-,UNCAPPED,0.30
19,UAL2,MAYANK DAGAR,INDIA,RCB,UNCAPPED,0.30
19,UAL2,ANSHUL KAMBOJ,INDIA,MI,UNCAPPED,0.30
19,UAL2,ARSHAD KHAN,INDIA,LSG,UNCAPPED,0.30
19,UAL2,DARSHAN NALKANDE,INDIA,GT,UNCAPPED,0.30
19,UAL2,SUYASH PRABHUDESSAI,INDIA,RCB,UNCAPPED,0.30
19,UAL2,ANUKUL ROY,INDIA,KKR,UNCAPPED,0.30
19,UAL2,SWAPNIL SINGH,INDIA,PBKS,UNCAPPED,0.30
19,UAL2,SANVIR SINGH,INDIA,SRH,UNCAPPED,0.30
20,UWK2,AVANISH ARAVELLY,INDIA,CSK,UNCAPPED,0.30
20,UWK2,VANSH BEDI,INDIA,-,UNCAPPED,0.30
20,UWK2,SAURAV CHAUHAN,INDIA,RCB,UNCAPPED,0.30
20,UWK2,HARVIK DESAI,INDIA,MI,UNCAPPED,0.30
20,UWK2,TOM KOHLER-CADMORE,ENGLAND,RR,UNCAPPED,0.50
20,UWK2,KUNAL RATHORE,INDIA,RR,UNCAPPED,0.30
20,UWK2,BR SHARATH,INDIA,GT,UNCAPPED,0.30
21,UFA2,GURNOOR SINGH BRAR,INDIA,GT,UNCAPPED,0.30
21,UFA2,MUKESH CHOUDHARY,INDIA,CSK,UNCAPPED,0.30
21,UFA2,SAKIB HUSSAIN,INDIA,KKR,UNCAPPED,0.30
21,UFA2,VIDWATH KAVERAPPA,INDIA,PBKS,UNCAPPED,0.30
21,UFA2,RAJAN KUMAR,INDIA,RCB,UNCAPPED,0.30
21,UFA2,SUSHANT MISHRA,INDIA,GT,UNCAPPED,0.30
21,UFA2,ARJUN TENDULKAR,INDIA,MI,UNCAPPED,0.30
22,USP2,ZEESHAN ANSARI,INDIA,-,UNCAPPED,0.30
22,USP2,PRINCE CHOUDHARY,INDIA,PBKS,UNCAPPED,0.30
22,USP2,HIMANSHU SHARMA,INDIA,RCB,UNCAPPED,0.30
22,USP2,M SIDDHARTH,INDIA,LSG,UNCAPPED,0.30
22,USP2,DIGVESH SINGH,INDIA,-,UNCAPPED,0.30
22,USP2,PRASHANT SOLANKI,INDIA,CSK,UNCAPPED,0.30
22,USP2,JHATHAVEDH SUBRAMANYAN,INDIA,SRH,UNCAPPED,0.30
23,BA3,FINN ALLEN,NEW ZEALAND,-,CAPPED,2.00
23,BA3,DEWALD BREVIS,SOUTH AFRICA,MI,CAPPED,0.75
23,BA3,BEN DUCKETT,ENGLAND,-,CAPPED,2.00
23,BA3,MANISH PANDEY,INDIA,KKR,CAPPED,0.75
23,BA3,RILEE ROSSOUW,SOUTH AFRICA,PBKS,CAPPED,2.00
23,BA3,SHERFANE RUTHERFORD,WEST INDIES,KKR,CAPPED,1.50
23,BA3,ASHTON TURNER,AUSTRALIA,LSG,CAPPED,1.00
23,BA3,JAMES VINCE,ENGLAND,-,CAPPED,2.00
24,AL3,SHAHBAZ AHAMAD,INDIA,SRH,CAPPED,1.00
24,AL3,MOEEN ALI,ENGLAND,CSK,CAPPED,2.00
24,AL3,TIM DAVID,AUSTRALIA,MI,CAPPED,2.00
24,AL3,DEEPAK HOODA,INDIA,LSG,CAPPED,0.75
24,AL3,WILL JACKS,ENGLAND,RCB,CAPPED,2.00
24,AL3,AZMATULLAH OMARZAI,AFGHANISTAN,GT,CAPPED,1.50
24,AL3,R SAI KISHORE,INDIA,GT,CAPPED,0.75
24,AL3,ROMARIO SHEPHERD,WEST INDIES,MI,CAPPED,1.50
25,WK3,TOM BANTON,ENGLAND,-,CAPPED,2.00
25,WK3,SAM BILLINGS,ENGLAND,-,CAPPED,1.50
25,WK3,JORDAN COX,ENGLAND,-,CAPPED,1.25
25,WK3,BEN MCDERMOTT,AUSTRALIA,-,CAPPED,0.75
25,WK3,KUSAL MENDIS,SRI LANKA,-,CAPPED,0.75
25,WK3,KUSAL PERERA,SRI LANKA,-,CAPPED,0.75
25,WK3,JOSH PHILIPPE,AUSTRALIA,-,CAPPED,0.75
25,WK3,TIM SEIFERT,NEW ZEALAND,-,CAPPED,1.25
26,FA3,NANDRE BURGER,SOUTH AFRICA,RR,CAPPED,1.25
26,FA3,SPENCER JOHNSON,AUSTRALIA,GT,CAPPED,2.00
26,FA3,UMRAN MALIK,INDIA,SRH,CAPPED,0.75
26,FA3,MUSTAFIZUR RAHMAN,BANGLADESH,CSK,CAPPED,2.00
26,FA3,ISHANT SHARMA,INDIA,DC,CAPPED,0.75
26,FA3,NUWAN THUSHARA,SRI LANKA,MI,CAPPED,0.75
26,FA3,NAVEEN UL HAQ,AFGHANISTAN,LSG,CAPPED,2.00
26,FA3,JAYDEV UNADKAT,INDIA,SRH,CAPPED,1.00
26,FA3,UMESH YADAV,INDIA,GT,CAPPED,2.00
27,SP3,RISHAD HOSSAIN,BANGLADESH,-,CAPPED,0.75
27,SP3,ZAHIR KHAN PAKTEN,AFGHANISTAN,-,CAPPED,0.75
27,SP3,NQABAYOMZI PETER,SOUTH AFRICA,-,CAPPED,0.75
27,SP3,TANVEER SANGHA,AUSTRALIA,-,CAPPED,0.75
27,SP3,TABRAIZ SHAMSI,SOUTH AFRICA,-,CAPPED,2.00
27,SP3,JEFFERY VANDERSAY,SRI LANKA,-,CAPPED,0.75
28,UBA3,SACHIN BABY,INDIA,-,UNCAPPED,0.30
28,UBA3,PRIYAM GARG,INDIA,-,UNCAPPED,0.30
28,UBA3,HARNOOR PANNU,INDIA,-,UNCAPPED,0.30
28,UBA3,SMARAN RAVICHANDRAN,INDIA,-,UNCAPPED,0.30
28,UBA3,SHASHWAT RAWAT,INDIA,-,UNCAPPED,0.30
28,UBA3,ANDRE SIDDARTH,INDIA,-,UNCAPPED,0.30
28,UBA3,AVNEESH SUDHA,INDIA,-,UNCAPPED,0.30
28,UBA3,APOORV WANKHADE,INDIA,-,UNCAPPED,0.30
29,UAL3,YUDHVIR CHARAK,INDIA,LSG,UNCAPPED,0.30
29,UAL3,RISHI DHAWAN,INDIA,PBKS,UNCAPPED,0.30
29,UAL3,RAJVARDHAN HANGARGEKAR,INDIA,CSK,UNCAPPED,0.30
29,UAL3,TANUSH KOTIAN,INDIA,RR,UNCAPPED,0.30
29,UAL3,ARSHIN KULKARNI,INDIA,LSG,UNCAPPED,0.30
29,UAL3,SHAMS MULANI,INDIA,MI,UNCAPPED,0.30
29,UAL3,SHIVAM SINGH,INDIA,PBKS,UNCAPPED,0.30
29,UAL3,LALIT YADAV,INDIA,DC,UNCAPPED,0.30
30,UWK3,MOHAMMED AZHARUDDEEN,INDIA,-,UNCAPPED,0.30
30,UWK3,LR CHETHAN,INDIA,-,UNCAPPED,0.30
30,UWK3,ARYAMAN SINGH DHALIWAL,INDIA,-,UNCAPPED,0.30
30,UWK3,URVIL PATEL,INDIA,-,UNCAPPED,0.30
30,UWK3,SANSKAR RAWAT,INDIA,-,UNCAPPED,0.30
30,UWK3,BIPIN SAURABH,INDIA,-,UNCAPPED,0.30
30,UWK3,TANAY THYAGARAJANN,INDIA,-,UNCAPPED,0.30
31,UFA3,MONEY GREWAL,INDIA,-,UNCAPPED,0.30
31,UFA3,ASHWANI KUMAR,INDIA,-,UNCAPPED,0.30
31,UFA3,ISHAN POREL,INDIA,-,UNCAPPED,0.30
31,UFA3,ABHILASH SHETTY,INDIA,-,UNCAPPED,0.30
31,UFA3,AKASH SINGH,INDIA,-,UNCAPPED,0.30
31,UFA3,GURJAPNEET SINGH,INDIA,-,UNCAPPED,0.30
31,UFA3,BASIL THAMPI,INDIA,-,UNCAPPED,0.30
32,USP3,MURUGAN ASHWIN,INDIA,-,UNCAPPED,0.30
32,USP3,SHREYAS CHAVAN,INDIA,-,UNCAPPED,0.30
32,USP3,CHINTAL GANDHI,INDIA,-,UNCAPPED,0.30
32,USP3,RAGHAV GOYAL,INDIA,-,UNCAPPED,0.30
32,USP3,JAGADEESHA SUCHITH,INDIA,-,UNCAPPED,0.30
32,USP3,ROSHAN WAGHSARE,INDIA,-,UNCAPPED,0.30
32,USP3,BAILAPUDI YESWANTH,INDIA,-,UNCAPPED,0.30
33,BA4,SEDIQULLAH ATAL,AFGHANISTAN,-,CAPPED,0.75
33,BA4,MATTHEW BREETZKE,SOUTH AFRICA,-,CAPPED,0.75
33,BA4,MARK CHAPMAN,NEW ZEALAND,-,CAPPED,1.50
33,BA4,BRANDON KING,WEST INDIES,-,CAPPED,0.75
33,BA4,EVIN LEWIS,WEST INDIES,-,CAPPED,2.00
33,BA4,PATHUM NISSANKA,SRI LANKA,-,CAPPED,0.75
33,BA4,BHANUKA RAJAPAKSA,SRI LANKA,-,CAPPED,0.75
33,BA4,STEVE SMITH,AUSTRALIA,-,CAPPED,2.00
34,AL4,GUS ATKINSON,ENGLAND,KKR,CAPPED,2.00
34,AL4,TOM CURRAN,ENGLAND,RCB,CAPPED,2.00
34,AL4,KRISHNAPPA GOWTHAM,INDIA,LSG,CAPPED,1.00
34,AL4,MOHAMMAD NABI,AFGHANISTAN,MI,CAPPED,1.50
34,AL4,GULBADIN NAIB,AFGHANISTAN,DC,CAPPED,1.00
34,AL4,SIKANDAR RAZA,ZIMBABWE,PBKS,CAPPED,1.25
34,AL4,MITCHELL SANTNER,NEW ZEALAND,CSK,CAPPED,2.00
34,AL4,JAYANT YADAV,INDIA,GT,CAPPED,0.75
35,WK4,JOHNSON CHARLES,WEST INDIES,-,CAPPED,0.75
35,WK4,LITTON DAS,BANGLADESH,-,CAPPED,0.75
35,WK4,ANDRE FLETCHER,WEST INDIES,-,CAPPED,0.75
35,WK4,TOM LATHAM,NEW ZEALAND,-,CAPPED,1.50
35,WK4,OLLIE POPE,ENGLAND,-,CAPPED,0.75
35,WK4,KYLE VERREYNNE,SOUTH AFRICA,-,CAPPED,0.75
36,FA4,FAZALHAQ FAROOQI,AFGHANISTAN,SRH,CAPPED,2.00
36,FA4,RICHARD GLEESON,ENGLAND,CSK,CAPPED,0.75
36,FA4,MATT HENRY,NEW ZEALAND,LSG,CAPPED,2.00
36,FA4,ALZARRI JOSEPH,WEST INDIES,RCB,CAPPED,2.00
36,FA4,KWENA MAPHAKA,SOUTH AFRICA,MI,CAPPED,0.75
36,FA4,KULDEEP SEN,INDIA,RR,CAPPED,0.75
36,FA4,REECE TOPLEY,ENGLAND,RCB,CAPPED,0.75
36,FA4,LIZAAD WILLIAMS,SOUTH AFRICA,DC,CAPPED,0.75
36,FA4,LUKE WOOD,ENGLAND,MI,CAPPED,0.75
37,UBA4,SACHIN DHAS,INDIA,-,UNCAPPED,0.30
37,UBA4,LEUS DU PLOOY,ENGLAND,-,UNCAPPED,0.50
37,UBA4,ASHWIN HEBBAR,INDIA,-,UNCAPPED,0.30
37,UBA4,ROHAN KUNNUMMAL,INDIA,-,UNCAPPED,0.30
37,UBA4,AYUSH PANDEY,INDIA,-,UNCAPPED,0.30
37,UBA4,AKSHAT RAGHUWANSHI,INDIA,-,UNCAPPED,0.30
37,UBA4,SHOUN ROGER,INDIA,-,UNCAPPED,0.40
37,UBA4,VIRAT SINGH,INDIA,-,UNCAPPED,0.30
38,UAL4,PRIYANSH ARYA,INDIA,-,UNCAPPED,0.30
38,UAL4,MANOJ BHANDAGE,INDIA,RCB,UNCAPPED,0.30
38,UAL4,PRAVIN DUBEY,INDIA,DC,UNCAPPED,0.30
38,UAL4,AJAY MANDAL,INDIA,CSK,UNCAPPED,0.30
38,UAL4,PRERAK MANKAD,INDIA,LSG,UNCAPPED,0.30
38,UAL4,VIPRAJ NIGAM,INDIA,-,UNCAPPED,0.30
38,UAL4,VICKY OSTWAL,INDIA,DC,UNCAPPED,0.30
38,UAL4,SHIVALIK SHARMA,INDIA,MI,UNCAPPED,0.30
39,UWK4,SALIL ARORA,INDIA,-,UNCAPPED,0.30
39,UWK4,DINESH BANA,INDIA,-,UNCAPPED,0.30
39,UWK4,AJITESH GURUSWAMY,INDIA,-,UNCAPPED,0.30
39,UWK4,NARAYAN JAGADEESAN,INDIA,-,UNCAPPED,0.30
39,UWK4,SHRIJITH KRISHNAN,INDIA,-,UNCAPPED,0.30
39,UWK4,MICHAEL PEPPER,ENGLAND,-,UNCAPPED,0.50
39,UWK4,VISHNU SOLANKI,INDIA,-,UNCAPPED,0.30
40,UFA4,KM ASIF,INDIA,-,UNCAPPED,0.30
40,UFA4,AKHIL CHAUDHARY,INDIA,-,UNCAPPED,0.30
40,UFA4,HIMANSHU CHAUHAN,INDIA,-,UNCAPPED,0.30
40,UFA4,ARPIT GULERIA,INDIA,-,UNCAPPED,0.30
40,UFA4,NISHANTH SARANU,INDIA,-,UNCAPPED,0.30
40,UFA4,KULDIP YADAV,INDIA,-,UNCAPPED,0.30
40,UFA4,PRITHVIRAJ YARRA,INDIA,-,UNCAPPED,0.30
41,USP4,SHUBHAM AGRAWAL,INDIA,-,UNCAPPED,0.30
41,USP4,JASS INDER BAIDWAN,INDIA,-,UNCAPPED,0.30
41,USP4,JASMER DHANKHAR,INDIA,-,UNCAPPED,0.30
41,USP4,PULKIT NARANG,INDIA,-,UNCAPPED,0.30
41,USP4,SAUMY PANDEY,INDIA,-,UNCAPPED,0.30
41,USP4,MOHIT RATHEE,INDIA,-,UNCAPPED,0.30
41,USP4,HIMANSHU SINGH,INDIA,-,UNCAPPED,0.30
42,BA5,TOWHID HRIDOY,BANGLADESH,-,CAPPED,0.75
42,BA5,MIKYLE LOUIS,WEST INDIES,-,CAPPED,0.75
42,BA5,HARRY TECTOR,IRELAND,-,CAPPED,0.75
42,BA5,RASSIE VAN DER DUSSEN,SOUTH AFRICA,-,CAPPED,2.00
42,BA5,WILL YOUNG,NEW ZEALAND,-,CAPPED,1.25
42,BA5,NAJIBULLAH ZADRAN,AFGHANISTAN,-,CAPPED,0.75
42,BA5,IBRAHIM ZADRAN,AFGHANISTAN,-,CAPPED,0.75
43,AL5,SEAN ABBOTT,AUSTRALIA,-,CAPPED,2.00
43,AL5,JACOB BETHELL,ENGLAND,-,CAPPED,1.25
43,AL5,BRYDON CARSE,ENGLAND,-,CAPPED,1.00
43,AL5,AARON HARDIE,AUSTRALIA,-,CAPPED,1.25
43,AL5,SARFARAZ KHAN,INDIA,-,CAPPED,0.75
43,AL5,KYLE MAYERS,WEST INDIES,LSG,CAPPED,1.50
43,AL5,KAMINDU MENDIS,SRI LANKA,-,CAPPED,0.75
43,AL5,MATTHEW SHORT,AUSTRALIA,-,CAPPED,0.75
44,FA5,JASON BEHRENDORFF,AUSTRALIA,MI,CAPPED,1.50
44,FA5,DUSHMANTHA CHAMEERA,SRI LANKA,LSG,CAPPED,0.75
44,FA5,NATHAN ELLIS,AUSTRALIA,PBKS,CAPPED,1.25
44,FA5,SHAMAR JOSEPH,WEST INDIES,LSG,CAPPED,0.75
44,FA5,JOSH LITTLE,IRELAND,GT,CAPPED,0.75
44,FA5,SHIVAM MAVI,INDIA,GT,CAPPED,0.75
44,FA5,JHYE RICHARDSON,AUSTRALIA,DC,CAPPED,1.50
44,FA5,NAVDEEP SAINI,INDIA,RR,CAPPED,0.75
45,UBA5,TANMAY AGARWAL,INDIA,-,UNCAPPED,0.30
45,UBA5,AMANDEEP KHARE,INDIA,-,UNCAPPED,0.30
45,UBA5,AYUSH MHATRE,INDIA,-,UNCAPPED,0.30
45,UBA5,SALMAN NIZAR,INDIA,-,UNCAPPED,0.30
45,UBA5,ANIKET VERMA,INDIA,-,UNCAPPED,0.30
45,UBA5,SUMEET VERMA,INDIA,-,UNCAPPED,0.30
45,UBA5,MANAN VOHRA,INDIA,-,UNCAPPED,0.30
45,UBA5,SAMARTH VYAS,INDIA,-,UNCAPPED,0.30
46,UAL5,RAJ ANGAD BAWA,INDIA,-,UNCAPPED,0.30
46,UAL5,EMANJOT CHAHAL,INDIA,-,UNCAPPED,0.30
46,UAL5,MUSHEER KHAN,INDIA,-,UNCAPPED,0.30
46,UAL5,MANVANTH KUMAR L,INDIA,-,UNCAPPED,0.30
46,UAL5,MAYANK RAWAT,INDIA,-,UNCAPPED,0.30
46,UAL5,SURYANSH SHEDGE,INDIA,-,UNCAPPED,0.30
46,UAL5,HRITIK SHOKEEN,INDIA,-,UNCAPPED,0.30
46,UAL5,SONU YADAV,INDIA,-,UNCAPPED,0.30
47,UWK5,RITHIK EASWARAN,INDIA,-,UNCAPPED,0.30
47,UWK5,ANMOL MALHOTRA,INDIA,-,UNCAPPED,0.30
47,UWK5,PRADOSH PAUL,INDIA,-,UNCAPPED,0.30
47,UWK5,KARTEEK SHARMA,INDIA,-,UNCAPPED,0.30
47,UWK5,AKASH SINGH,INDIA,-,UNCAPPED,0.30
47,UWK5,TEJASVI SINGH,INDIA,-,UNCAPPED,0.30
47,UWK5,SIDDHARTH YADAV,INDIA,-,UNCAPPED,0.30
48,UFA5,SAURABH DUBEY,INDIA,-,UNCAPPED,0.30
48,UFA5,AAQIB KHAN,INDIA,-,UNCAPPED,0.30
48,UFA5,KULWANT KHEJROLIYA,INDIA,-,UNCAPPED,0.30
48,UFA5,ANKIT SINGH RAJPOOT,INDIA,-,UNCAPPED,0.30
48,UFA5,DIVESH SHARMA,INDIA,-,UNCAPPED,0.30
48,UFA5,NAMAN TIWARI,INDIA,-,UNCAPPED,0.30
48,UFA5,PRINCE YADAV,INDIA,-,UNCAPPED,0.30
49,USP5,KUNAL SINGH CHIBB,INDIA,-,UNCAPPED,0.30
49,USP5,YUVRAJ CHUDASAMA,INDIA,-,UNCAPPED,0.30
49,USP5,DEEPAK DEVADIGA,INDIA,-,UNCAPPED,0.30
49,USP5,RAMESH PRASAD,INDIA,-,UNCAPPED,0.30
49,USP5,SHIVAM SHUKLA,INDIA,-,UNCAPPED,0.30
49,USP5,HIMANSHU SINGH,INDIA,-,UNCAPPED,0.30
49,USP5,TEJPREET SINGH,INDIA,-,UNCAPPED,0.30
50,AL6,QAIS AHMAD,AFGHANISTAN,-,CAPPED,0.75
50,AL6,CHARITH ASALANKA,SRI LANKA,-,CAPPED,0.75
50,AL6,MICHAEL BRACEWELL,NEW ZEALAND,-,CAPPED,1.50
50,AL6,GUDAKESH MOTIE,WEST INDIES,-,CAPPED,0.75
50,AL6,DANIEL MOUSLEY,ENGLAND,-,CAPPED,0.75
50,AL6,JAMIE OVERTON,ENGLAND,-,CAPPED,1.50
50,AL6,DUNITH WELLALAGE,SRI LANKA,-,CAPPED,0.75
51,FA6,OTTNEIL BAARTMAN,SOUTH AFRICA,-,CAPPED,0.75
51,FA6,XAVIER BARTLETT,AUSTRALIA,-,CAPPED,0.75
51,FA6,DILSHAN MADUSHANKA,SRI LANKA,MI,CAPPED,0.75
51,FA6,ADAM MILNE,NEW ZEALAND,-,CAPPED,2.00
51,FA6,LUNGISANI NGIDI,SOUTH AFRICA,DC,CAPPED,1.00
51,FA6,WILLIAM O'ROURKE,NEW ZEALAND,-,CAPPED,1.50
51,FA6,CHETAN SAKARIYA,INDIA,KKR,CAPPED,0.75
51,FA6,SANDEEP WARRIER,INDIA,-,CAPPED,0.75
52,UBA6,MUSAIF AJAZ,INDIA,-,UNCAPPED,0.30
52,UBA6,AGNI CHOPRA,INDIA,-,UNCAPPED,0.30
52,UBA6,ABHIMANYU EASWARAN,INDIA,-,UNCAPPED,0.30
52,UBA6,SUDIP GHARAMI,INDIA,-,UNCAPPED,0.30
52,UBA6,SHUBHAM KHAJURIA,INDIA,-,UNCAPPED,0.30
52,UBA6,AKHIL RAWAT,INDIA,-,UNCAPPED,0.30
52,UBA6,PRATEEK YADAV,INDIA,-,UNCAPPED,0.30
53,UAL6,ABDUL BAZITH,INDIA,-,UNCAPPED,0.30
53,UAL6,K.C CARIAPPA,INDIA,-,UNCAPPED,0.30
53,UAL6,YUVRAJ CHAUDHARY,INDIA,-,UNCAPPED,0.30
53,UAL6,AMAN KHAN,INDIA,-,UNCAPPED,0.30
53,UAL6,SUMIT KUMAR,INDIA,-,UNCAPPED,0.30
53,UAL6,KAMLESH NAGARKOTI,INDIA,-,UNCAPPED,0.30
53,UAL6,HARDIK RAJ,INDIA,-,UNCAPPED,0.30
53,UAL6,HARSH TYAGI,INDIA,-,UNCAPPED,0.30
54,UWK6,M AJNAS,INDIA,-,UNCAPPED,0.30
54,UWK6,UNMUKT CHAND,USA,-,ASSOCIATE,0.30
54,UWK6,TEJASVI DAHIYA,INDIA,-,UNCAPPED,0.30
54,UWK6,SUMIT GHADIGAONKAR,INDIA,-,UNCAPPED,0.30
54,UWK6,BABA INDRAJITH,INDIA,-,UNCAPPED,0.30
54,UWK6,MUHAMMED KHAN,INDIA,-,UNCAPPED,0.30
54,UWK6,BHAGMENDER LATHER,INDIA,-,UNCAPPED,0.30
55,UFA6,BALTEJ DHANDA,INDIA,-,UNCAPPED,0.30
55,UFA6,ALI KHAN,USA,-,ASSOCIATE,0.30
55,UFA6,RAVI KUMAR,INDIA,-,UNCAPPED,0.30
55,UFA6,VINEET PANWAR,INDIA,-,UNCAPPED,0.30
55,UFA6,VIDYADHAR PATIL,INDIA,-,UNCAPPED,0.30
55,UFA6,ARADHYA SHUKLA,INDIA,-,UNCAPPED,0.30
55,UFA6,ABHINANDAN SINGH,INDIA,-,UNCAPPED,0.30
56,AL7,COOPER CONNOLLY,AUSTRALIA,-,CAPPED,0.75
56,AL7,DUSHAN HEMANTHA,SRI LANKA,-,CAPPED,0.75
56,AL7,JASON HOLDER,WEST INDIES,-,CAPPED,2.00
56,AL7,KARIM JANAT,AFGHANISTAN,-,CAPPED,0.75
56,AL7,JIMMY NEESHAM,NEW ZEALAND,-,CAPPED,1.50
56,AL7,DANIEL SAMS,AUSTRALIA,-,CAPPED,1.50
56,AL7,WILLIAM SUTHERLAND,AUSTRALIA,-,CAPPED,0.75
57,FA7,TASKIN AHMED,BANGLADESH,-,CAPPED,1.00
57,FA7,BEN DWARSHUIS,AUSTRALIA,-,CAPPED,0.75
57,FA7,OBED MCCOY,WEST INDIES,-,CAPPED,1.25
57,FA7,RILEY MEREDITH,AUSTRALIA,-,CAPPED,1.50
57,FA7,LANCE MORRIS,AUSTRALIA,-,CAPPED,1.25
57,FA7,OLLY STONE,ENGLAND,-,CAPPED,0.75
57,FA7,DANIEL WORRALL,ENGLAND,-,CAPPED,1.50
58,UBA7,PYLA AVINASH,INDIA,-,UNCAPPED,0.30
58,UBA7,KIRAN CHORMALE,INDIA,-,UNCAPPED,0.30
58,UBA7,ASHISH DAHARIYA,INDIA,-,UNCAPPED,0.30
58,UBA7,TUSHAR RAHEJA,INDIA,-,UNCAPPED,0.30
58,UBA7,SARTHAK RANJAN,INDIA,-,UNCAPPED,0.30
58,UBA7,ABHIJEET TOMAR,INDIA,-,UNCAPPED,0.30
59,UAL7,KRISH BHAGAT,INDIA,-,UNCAPPED,0.30
59,UAL7,SOHRAAB DHALIWAL,INDIA,-,UNCAPPED,0.30
59,UAL7,HARSH DUBEY,INDIA,-,UNCAPPED,0.30
59,UAL7,RAMAKRISHNA GHOSH,INDIA,-,UNCAPPED,0.30
59,UAL7,RAJ LIMBANI,INDIA,-,UNCAPPED,0.30
59,UAL7,NINAD RATHVA,INDIA,-,UNCAPPED,0.30
59,UAL7,VIVRANT SHARMA,INDIA,-,UNCAPPED,0.30
59,UAL7,SHIVA SINGH,INDIA,-,UNCAPPED,0.30
60,UFA7,SAYED IRFAN AFTAB,INDIA,-,UNCAPPED,0.30
60,UFA7,ANIRUDH CHOWDHARY,INDIA,-,UNCAPPED,0.30
60,UFA7,ANSHUMAN HOODA,INDIA,-,UNCAPPED,0.30
60,UFA7,SIDDHARTH KAUL,INDIA,-,UNCAPPED,0.40
60,UFA7,PRASHANT SAI PAINKRA,INDIA,-,UNCAPPED,0.30
60,UFA7,VENKATA SATYANARAYANA PENMETSA,INDIA,-,UNCAPPED,0.30
60,UFA7,YEDDALA REDDY,INDIA,-,UNCAPPED,0.30
61,AL8,ZAK FOULKES,NEW ZEALAND,-,CAPPED,0.75
61,AL8,CHRIS GREEN,AUSTRALIA,-,CAPPED,1.00
61,AL8,SHAKIB AL HASAN,BANGLADESH,-,CAPPED,1.00
61,AL8,MEHIDY HASAN MIRAZ,BANGLADESH,-,CAPPED,1.00
61,AL8,WIAAN MULDER,SOUTH AFRICA,-,CAPPED,0.75
61,AL8,DWAINE PRETORIUS,SOUTH AFRICA,-,CAPPED,0.75
61,AL8,DASUN SHANAKA,SRI LANKA,-,CAPPED,0.75
62,FA8,SHORIFUL ISLAM,BANGLADESH,-,CAPPED,0.75
62,FA8,BLESSING MUZARABANI,ZIMBABWE,-,CAPPED,0.75
62,FA8,MATTHEW POTTS,ENGLAND,-,CAPPED,1.50
62,FA8,TANZIM HASAN SAKIB,BANGLADESH,-,CAPPED,0.75
62,FA8,BENJAMIN SEARS,NEW ZEALAND,-,CAPPED,1.00
62,FA8,TIM SOUTHEE,NEW ZEALAND,-,CAPPED,1.50
62,FA8,JOHN TURNER,ENGLAND,-,CAPPED,1.50
63,UBA8,JOSHUA BROWN,AUSTRALIA,-,UNCAPPED,0.30
63,UBA8,OLIVER DAVIES,AUSTRALIA,-,UNCAPPED,0.30
63,UBA8,BEVAN JOHN JACOBS,NEW ZEALAND,-,UNCAPPED,0.30
63,UBA8,ATHARVA KALE,INDIA,-,UNCAPPED,0.30
63,UBA8,ABHISHEK NAIR,INDIA,-,UNCAPPED,0.30
63,UBA8,VISHWANATH PRATAP SINGH,INDIA,-,UNCAPPED,0.30
64,UAL8,NASIR LONE,INDIA,-,UNCAPPED,0.30
64,UAL8,BRANDON MCMULLEN,SCOTLAND,-,ASSOCIATE,0.30
64,UAL8,S MIDHUN,INDIA,-,UNCAPPED,0.30
64,UAL8,ABID MUSHTAQ,INDIA,-,UNCAPPED,0.30
64,UAL8,MAHESH PITHIYA,INDIA,-,UNCAPPED,0.30
64,UAL8,MARAMREDDY REDDY,INDIA,-,UNCAPPED,0.30
64,UAL8,ATIT SHETH,INDIA,-,UNCAPPED,0.30
64,UAL8,JONTY SIDHU,INDIA,-,UNCAPPED,0.30
65,UFA8,MOHIT AVASTHI,INDIA,-,UNCAPPED,0.30
65,UFA8,FARIDOON DAWOODZAI,AFGHANISTAN,-,UNCAPPED,0.30
65,UFA8,PRAFUL HINGE,INDIA,-,UNCAPPED,0.30
65,UFA8,PANKAJ JASWAL,INDIA,-,UNCAPPED,0.30
65,UFA8,VIJAY KUMAR,INDIA,-,UNCAPPED,0.30
65,UFA8,ASHOK SHARMA,INDIA,-,UNCAPPED,0.30
65,UFA8,MUJTABA YOUSUF,INDIA,-,UNCAPPED,0.30
66,AL9,ASHTON AGAR,AUSTRALIA,-,CAPPED,1.25
66,AL9,ROSTON CHASE,WEST INDIES,-,CAPPED,0.75
66,AL9,JUNIOR DALA,SOUTH AFRICA,-,CAPPED,0.75
66,AL9,MAHEDI HASAN,BANGLADESH,-,CAPPED,0.75
66,AL9,NANGEYALIA KHAROTE,AFGHANISTAN,-,CAPPED,0.75
66,AL9,DAN LAWRENCE,ENGLAND,-,CAPPED,1.00
66,AL9,NATHAN SMITH,NEW ZEALAND,-,CAPPED,1.00
67,FA9,JAMES ANDERSON,ENGLAND,-,CAPPED,1.25
67,FA9,KYLE JAMIESON,NEW ZEALAND,-,CAPPED,1.50
67,FA9,CHRIS JORDAN,ENGLAND,-,CAPPED,2.00
67,FA9,HASAN MAHMUD,BANGLADESH,-,CAPPED,0.75
67,FA9,TYMAL MILLS,ENGLAND,-,CAPPED,2.00
67,FA9,DAVID PAYNE,ENGLAND,-,CAPPED,1.00
67,FA9,NAHID RANA,BANGLADESH,-,CAPPED,0.75
68,UBA9,PRAYAS RAY BARMAN,INDIA,-,UNCAPPED,0.30
68,UBA9,JAFAR JAMAL,INDIA,-,UNCAPPED,0.30
68,UBA9,AYAZ KHAN,INDIA,-,UNCAPPED,0.30
68,UBA9,KAUSHIK MAITY,INDIA,-,UNCAPPED,0.30
68,UBA9,RITURAJ SHARMA,INDIA,-,UNCAPPED,0.30
68,UBA9,VAIBHAV SURYAVANSHI,INDIA,-,UNCAPPED,0.30
69,UAL9,KARTIK CHADHA,INDIA,-,UNCAPPED,0.30
69,UAL9,WRITTICK CHATTERJEE,INDIA,-,UNCAPPED,0.30
69,UAL9,PRERIT DUTTA,INDIA,-,UNCAPPED,0.30
69,UAL9,RAJNEESH GURBANI,INDIA,-,UNCAPPED,0.30
69,UAL9,SHUBHANG HEGDE,INDIA,-,UNCAPPED,0.30
69,UAL9,SARANSH JAIN,INDIA,-,UNCAPPED,0.30
69,UAL9,RIPAL PATEL,INDIA,-,UNCAPPED,0.30
69,UAL9,AKASH VASHISHT,INDIA,-,UNCAPPED,0.30
70,UFA9,ANIRUDH KANWAR,INDIA,-,UNCAPPED,0.30
70,UFA9,SHUBHAM KAPSE,INDIA,-,UNCAPPED,0.30
70,UFA9,ATIF MUSHTAQ,INDIA,-,UNCAPPED,0.30
70,UFA9,DIPESH PARWANI,INDIA,-,UNCAPPED,0.30
70,UFA9,MANISH REDDY,INDIA,-,UNCAPPED,0.30
70,UFA9,CHETAN SHARMA,INDIA,-,UNCAPPED,0.30
70,UFA9,AVINASH SINGH,INDIA,-,UNCAPPED,0.30
72,AL10,ALICK ATHANAZE,WEST INDIES,-,CAPPED,0.75
72,AL10,HILTON CARTWRIGHT,AUSTRALIA,-,CAPPED,0.75
72,AL10,DOMINIC DRAKES,WEST INDIES,-,CAPPED,1.25
72,FA10,DARYN DUPAVILLON,SOUTH AFRICA,-,CAPPED,0.75
72,AL10,MATTHEW FORDE,WEST INDIES,-,CAPPED,1.25
72,AL10,PATRICK KRUGER,SOUTH AFRICA,-,CAPPED,0.75
72,FA10,LAHIRU KUMARA,SRI LANKA,-,CAPPED,0.75
72,AL10,MICHAEL NESER,AUSTRALIA,-,CAPPED,0.75
72,FA10,RICHARD NGARAVA,ZIMBABWE,-,CAPPED,0.75
72,FA10,WAYNE PARNELL,SOUTH AFRICA,-,CAPPED,1.00
72,AL10,KEEMO PAUL,WEST INDIES,-,CAPPED,1.25
72,AL10,ODEAN SMITH,WEST INDIES,-,CAPPED,0.75
72,FA10,ANDREW TYE,AUSTRALIA,-,CAPPED,0.75
73,UAL10,AJAY AHLAWAT,INDIA,-,UNCAPPED,0.40
73,UAL10,CORBIN BOSCH,SOUTH AFRICA,-,UNCAPPED,0.30
73,UAL10,MAYANK GUSAIN,INDIA,-,UNCAPPED,0.30
73,UAL10,MUKHTAR HUSSAIN,INDIA,-,UNCAPPED,0.30
73,UAL10,GIRINATH REDDY,INDIA,-,UNCAPPED,0.30
73,UAL10,JALAJ SAXENA,INDIA,-,UNCAPPED,0.40
73,UAL10,YAJAS SHARMA,INDIA,-,UNCAPPED,0.30
73,UAL10,SANJAY YADAV,INDIA,-,UNCAPPED,0.30
74,UFA10,VISHAL GODARA,INDIA,-,UNCAPPED,0.30
74,UFA10,ESHAN MALINGA,SRI LANKA,-,UNCAPPED,0.30
74,UFA10,SAMARTH NAGRAJ,INDIA,-,UNCAPPED,0.30
74,UFA10,ABHISHEK SAINI,INDIA,-,UNCAPPED,0.30
74,UFA10,DUMINDU SEWMINA,SRI LANKA,-,UNCAPPED,0.30
74,UFA10,PRADYUMAN KUMAR SINGH,INDIA,-,UNCAPPED,0.30
74,UFA10,VASU VATS,INDIA,-,UNCAPPED,0.30
75,UAL11,UMANG KUMAR,INDIA,-,UNCAPPED,0.30
75,UAL11,MOHAMED ALI,INDIA,-,UNCAPPED,0.30
75,UAL11,ATHARVA ANKOLEKAR,INDIA,-,UNCAPPED,0.30
75,UAL11,VAISAKH CHANDRAN,INDIA,-,UNCAPPED,0.30
75,UAL11,AUQIB DAR,INDIA,-,UNCAPPED,0.30
75,UAL11,ROHIT RAYUDU,INDIA,-,UNCAPPED,0.30
75,UAL11,UDAY SAHARAN,INDIA,-,UNCAPPED,0.30
75,UAL11,AYUSH VARTAK,INDIA,-,UNCAPPED,0.30
76,UAL12,BABA APARAJITH,INDIA,-,UNCAPPED,0.30
76,UAL12,SUMIT KUMAR BENIWAL,INDIA,-,UNCAPPED,0.30
76,UAL12,NISHUNK BIRLA,INDIA,-,UNCAPPED,0.30
76,UAL12,DIGVIJAY DESHMUKH,INDIA,-,UNCAPPED,0.30
76,UAL12,LAKSHAY JAIN,INDIA,-,UNCAPPED,0.30
76,UAL12,DUAN JANSEN,SOUTH AFRICA,-,UNCAPPED,0.30
76,UAL12,KRITAGYA SINGH,INDIA,-,UNCAPPED,0.30
76,UAL12,P VIGNESH,INDIA,-,UNCAPPED,0.30
77,UAL13,SABHAY CHADHA,INDIA,-,UNCAPPED,0.30
77,UAL13,BEN HOWELL,ENGLAND,-,UNCAPPED,0.50
77,UAL13,HEMANTH KUMAR,INDIA,-,UNCAPPED,0.30
77,UAL13,ROHAN RANA,INDIA,-,UNCAPPED,0.30
77,UAL13,BHARAT SHARMA,INDIA,-,UNCAPPED,0.30
77,UAL13,PRATHAM SINGH,INDIA,-,UNCAPPED,0.30
77,UAL13,TRIPURANA VIJAY,INDIA,-,UNCAPPED,0.30
77,UAL13,RAVI YADAV,INDIA,-,UNCAPPED,0.30
78,UAL14,ARJUN AZAD,INDIA,-,UNCAPPED,0.30
78,UAL14,ABHAY CHOUDHARY,INDIA,-,UNCAPPED,0.30
78,UAL14,GAURAV GAMBHIR,INDIA,-,UNCAPPED,0.30
78,UAL14,SHUBHAM GARHWAL,INDIA,-,UNCAPPED,0.30
78,UAL14,TEJASVI JAISWAL,INDIA,-,UNCAPPED,0.30
78,UAL14,SAIRAJ PATIL,INDIA,-,UNCAPPED,0.30
78,UAL14,MADHAV TIWARI,INDIA,-,UNCAPPED,0.30
78,UAL14,KAMAL TRIPATHI,INDIA,-,UNCAPPED,0.30
79,UAL15,PRASHANT CHAUHAN,INDIA,-,UNCAPPED,0.30
79,UAL15,YASH DABAS,INDIA,-,UNCAPPED,0.30
79,UAL15,DHRUV KAUSHIK,INDIA,-,UNCAPPED,0.30
79,UAL15,KHRIEVITSO KENSE,INDIA,-,UNCAPPED,0.30
79,UAL15,AKASH PARKAR,INDIA,-,UNCAPPED,0.30
79,UAL15,VIGNESH PUTHUR,INDIA,-,UNCAPPED,0.30
79,UAL15,TRIPURESH SINGH,INDIA,-,UNCAPPED,0.30
79,UAL15,VIJAY YADAV,INDIA,-,UNCAPPED,0.30
